
{
    "region" : "us-east-1",
    "configuration" : "Debug",
    "framework"     : "net6.0",
    "self-contained" : false,
    "application"    : "csynetwork",
    "environment"    : "csynetwork-prod",
    "app-path"       : "/",
    "iis-website"    : "Default Web Site",
    "enable-xray"    : false,
    "enhanced-health-type" : "basic",
    "additional-options"   : "\"aws:autoscaling:launchconfiguration,SecurityGroups\"=\"sg-012dde9f85f127dea\";\"aws:ec2:vpc,Subnets\"=\"subnet-004db0f3bc0b60672\"",
    "solution-stack"       : "64bit Windows Server Core 2019 v2.11.5 running IIS 10.0",
    "environment-type"     : "SingleInstance",
    "cname"                : "csynetwork-prod",
    "instance-type"        : "t2.micro",
    "key-pair"             : "testkeypair",
    "instance-profile"     : "testroleforelasticbeanstalk",
    "service-role"         : "aws-elasticbeanstalk-service-role"
}